study_accession,host_species,derived_host_species,derivation_source,host_tax_id,body_site,country,n_samples,library_strategy,is_animal,title,abstract
PRJNA801645,Sus scrofa,,llm_unknown,9823.0,,Canada: Quebec,12,WGS,True,Study of the effects of a stabilizer on microbiome analysis,
PRJEB47613,Gallus gallus,Gallus gallus,regex_title_only_no_abstract,9031.0,Caecum content,Spain,47,WGS,True,HoloFood Chicken Caecum+Ileum Metagenome – non-targeted metabolomics batch,
PRJDB10675,Homo sapiens,,llm_unknown,9606.0,,India,53,RNA-Seq,True,"International collaborative studies on the prevention, diagnosis, and drug discovery for diarrheal infectious diseases in India",
PRJNA835973,rat,Mus musculus,llm,,,Japan: Kagawa Prefecture,19,WGS,True,Lactobacillus rhamnosus Probio-M9 alleviates colitis-associated tumorigenesis via modified gut microbiota and inflammation,
PRJEB86258,Gallus gallus,Gallus gallus,regex_title_only_no_abstract,9031.0,Caecum,Austria,1000,WGS,True,3D'omics: Salmonella challenge chicken trial,
PRJNA383926,broiler,Gallus gallus,regex_title_only_no_abstract,,,China:Beijing,6,WGS,True,Gallus gallus Metagenome,
PRJNA433811,Salmo salar,Salmo salar,regex_title_only_no_abstract,8030.0,,Norway,4,WGS,True,shotgun metagenome sequencing salmo salar gut microbiota,
PRJNA589661,Migratory birds: bar-headed geese,,llm_unknown,,,China: Qinghai Lake,9,WGS,True,"Environmental samples' Metagenome: Water, soil/sand, feces of local ruminants , feces of migratory birds (Qinghai Lake)",
PRJNA293646,Bos,Gallus gallus,llm,9903.0,,China:Beijing,13,WGS,True,"Chicken, pig and cattle gut microbiome raw sequence reads",
PRJDB4176,Homo sapiens,Homo sapiens,regex_title_only_no_abstract,9606.0,,Japan,645,WGS,True,metagenomic data from human fecal samples,
PRJEB77081,Mus musculus,,llm_unknown,,,USA;USA:CA:San Diego,283,WGS,True,Role of Bile Salt Hydrolase (BSH) Overexpression in Polycystic Ovary Syndrome (PCOS) - LET COHORT 3,
PRJDB36846,Mus sp.,Mus musculus,llm,10095.0,,missing: data agreement established pre-2023,36,WGS,True,Methane-oxidizing bacteria regulate intestinal peristalsis and fat metabolism in the gut via reducing methane levels (PRJCA040467),
PRJDB36267,Moschus berezovskii,Moschus moschiferus,llm,68408.0,,missing: data agreement established pre-2023,6,WGS,True,Metagenomics of the intestinal microbiota of forest musk deer (PRJCA027468),
PRJEB70517,Mus musculus,Mus musculus,regex_title_only_no_abstract,10090.0,UBERON:colon,USA;USA:CO:Boulder,173,WGS,True,Supplementation with the short-chain fatty acid acetate for improving age-associated arterial dysfunction in mice,
PRJNA471402,Sus scrofa domesticus,Sus scrofa,regex_title_only_no_abstract,9825.0,,Austria:Tulln,39,WGS,True,PIG GUT RESISTOME,
PRJDB16260,Homo sapiens,Homo sapiens,regex_title_only_no_abstract,,,,250,WGS,True,metagenomic data from human fecal samples,
PRJNA701781,Sus scrofa,Sus scrofa,regex_title_only_no_abstract,9823.0,,China:Hebei,456,AMPLICON,True,Sus scrofa Raw sequence reads,
PRJNA1049315,Sus scrofa,Sus scrofa,regex_title_only_no_abstract,9823.0,,Canada: Quebec,71,AMPLICON,True,Evolution of the porcine microbiome after antibiotic and probiotic treatments,
PRJNA1078999,Homo sapiens,Homo sapiens,regex_title_only_no_abstract,9606.0,,China: Guangdong,194,WGS,True,Homo sapiens Raw sequence reads,
PRJNA563204,rat,Rattus norvegicus,regex_title_only_no_abstract,,,China:Hohhot,192,WGS,True,Metagenome of rat feces,
PRJNA757176,Sus scrofa,Sus scrofa,regex_title_only_no_abstract,9823.0,,China:Kunming,12,WGS,True,Sus scrofa Metagenome,
PRJNA503784,Gallus gallus,Gallus gallus,regex_title_only_no_abstract,9031.0,,India:Nasik,128,RNA-Seq,True,Host transcriptomics and Gut microbiome analysis in Broilers with contrasting feed conversion ratio (FCR),
PRJNA1030894,Ochotona curzoniae,Ochotona curzoniae,regex_title_only_no_abstract,130825.0,,China:Qinghai,100,WGS,True,the association between Gut Microbiota function and host phenotype of plateau pika,
PRJNA831632,Hoolock tianxing,Hoolock hoolock,llm,1934190.0,,missing,145,WGS,True,Gut phageome in wild skywalker hoolock gibbons,
PRJNA1268041,Sus scrofa,Sus scrofa,regex_title_only_no_abstract,9823.0,,China:Nanning,16,WGS,True,"Effects of Lactobacillus plantarum and Saccharomyces cerevisiae, alone or in combination, on growth performance, antioxidant status, immune response, and intestinal health in weaned piglets",
PRJNA788462,Sus scrofa,Sus scrofa,regex_title_only_no_abstract,9823.0,,USA:Minnesota,216,WGS,True,Swine Feces Metagenomes,
PRJEB26961,Sus scrofa domesticus,,llm_unknown,9825.0,,Denmark,220,WGS,True,VETII samples,
PRJDB5383,Bos taurus,Bos taurus,regex_title_only_no_abstract,9913.0,,Japan:Kagoshima,3,WGS,True,Identification of a novel bovine enterovirus possessing highly divergent amino acid sequences in capsid protein,
PRJNA312048,Sus scrofa,,llm_unknown,9823.0,,China: Nanchang,6,WGS,True,gut microbe Metagenome,
PRJNA1067373,Sus scrofa,Sus scrofa,regex_title_only_no_abstract,9823.0,,China: Nanjing,1,WGS,True,pig gut virome Raw sequence reads,
PRJNA909453,Homo sapiens,,llm_unknown,9606.0,,China: Shanghai,50,WGS,True,intestinal microbial community diversity,
PRJNA1092107,Bos taurus,,llm_unknown,,,USA: Atlanta,10,WGS,True,Advancing source tracking: systematic review and source-specific genome database curation of fecally shed prokaryotes,
PRJEB108722,Mus musculus,,llm_unknown,10090.0,UBERON:feces,USA;USA:CA:San Diego,80,WGS,True,Microbiome composition in response to serine/glycine deficiency under high-fat diet,
PRJDB9036,Homo sapiens,,llm_unknown,,,Japan:Tokyo,326,WGS,True,Metagenomic survey and whole genome sequencing of antimicrobial resistant bacteria in Japanese hospital sewage,
PRJNA385038,Gallus gallus,Gallus gallus,regex_title_only_no_abstract,9031.0,,China:Wuhan,13,OTHER,True,chicken gut metagenome Raw sequence reads,
PRJDB37111,Apodemus chevrieri,Rattus norvegicus,llm,129246.0,,missing: data agreement established pre-2023,45,AMPLICON,True,Intestinal metagenomics and lung 16S rRNA amplicons of three dominant rodents in Guizhou karst ecosystems (PRJCA041566),
PRJNA741980,Sus scrofa,Sus scrofa,regex_title_only_no_abstract,9823.0,,France: Brittany,28,WGA,True,Comparison of viromes and microbiomes of 14 pig fecal samples,
PRJNA806371,Danio rerio,Danio rerio,regex_title_only_no_abstract,7955.0,,China:Shanghai,5,WGS,True,Genome-resolved characterization of structure and potential functions of the zebrafish stool microbiome,
PRJDB13214,Homo sapiens,Homo sapiens,regex_title_only_no_abstract,9606.0,,Japan,208,WGS,True,The characteristics of gut microbiome in COVID-19 patients,
PRJNA903810,Sus scrofa domesticus,Sus scrofa,regex_title_only_no_abstract,9825.0,,USA: Kennett Square PA,367,WGS,True,Origin of the piglet gut microbiome using strain-resolved longitudinal metagenomics,
PRJNA748109,Gallus gallus,Gallus gallus,regex_title_only_no_abstract,9031.0,,China:shenzhen,5,WGS,True,Broiler chicken microbial metagenome,
PRJNA389749,Sus scrofa,Sus scrofa,regex_title_only_no_abstract,9823.0,,"China:Ninghe,TianJin",8,WGS,True,Caecal Metagenome of Pigs,
PRJNA1099794,Gallus gallus,,llm_unknown,,,China:Qingdao,56,WGS,True,Metagenomic data of 40 fecal layers at different laying stages,
PRJEB51815,Salmo salar,Salmo salar,regex_title_only_no_abstract,8030.0,Distal gut content,Norway,179,WGS,True,HoloFood Salmon Trial C Gut Metagenome,
PRJNA974556,Mus musculus,,llm_unknown,10090.0,,Hong Kong,52,WGS,True,Response of the gut microbiota to CR-Hvkp infection,
PRJNA1143568,Gallus gallus,Gallus gallus,regex_title_only_no_abstract,9031.0,,Canada:Saskatchewan,156,WGS,True,Healthy chicken microbiome,
PRJNA773861,Capreolus pygargus,Capreolus pygargus,llm,48560.0,,China:Muling Dongbei Hongdoushan Nature Reserve,62,AMPLICON,True,Capreolus pygargus Raw sequence reads,
PRJNA815745,Sow,Sus scrofa,regex_title_only_no_abstract,,,China:Hohhto,222,WGS,True,"Compound probiotics relieved constipation, immunitygut microbiome, and blood metabolites of sows in lategestation and lactation",
PRJNA1026631,Homo sapiens,Homo sapiens,llm,9606.0,,"USA: Maywood, IL",83,WGS,True,Female Urogenital & Rectal Microbiomes of Individuals with UTI Symptoms Metagenome,
PRJNA340908,Gallus gallus,Gallus gallus,regex_title_only_no_abstract,9031.0,,China:Harbin,29,WGS,True,Differential fecal microbiota are retained in broiler chicken lines divergently selected for fatness traits,
PRJNA1158959,Sus scrofa vittatus,Sus scrofa,regex_title_only_no_abstract,2485929.0,,Singapore: Lorong Halus,89,WGS,True,Global wild boar gut microbiomes,
PRJNA815969,Sus scrofa domestica,Sus scrofa,regex_title_only_no_abstract,,,South Korea: Cheongju,2,AMPLICON,True,Colonic microbiome of the Korean native black pigs,
PRJDB38623,Naja atra,Pareas menglaensis,llm,,,missing: data agreement established pre-2023,95,RNA-Seq,True,Hologenomics data for the Mengla snail-eating snake (Pareas menglaensis) (PRJCA032174),
PRJEB74482,Mus musculus,Mus musculus,regex_title_only_no_abstract,10090.0,UBERON:feces,USA;USA:CO:Boulder,862,WGS,True,Effects of mouse-to-mouse fecal microbiota transplantation on vascular function with age and diet,
PRJNA825732,Anguilla anguilla,Anguilla anguilla,llm,7936.0,,France: Pas-du-Bouc,50,WGS,True,Anguilla anguilla gut metagenomes cleaned sequence reads,
PRJNA1047964,Ovis aries,,llm_unknown,9940.0,,China:Qinghai-Tibet Plateau,14,WGS,True,compost metagenome Raw sequence reads,
PRJNA1393111,Ictalurus punctatus,Ictalurus punctatus,llm,7998.0,,USA:Auburn,25,WGS,True,Channel catfish fish gut content,
PRJDB6640,Paradoxurus hermaphroditus,Felis catus,regex_title_only_no_abstract,71117.0,,"Malaysia:Johor, Kulai",3,WGS,True,Kopi Luwak of Civet cat (Paradoxurus hermaphroditus) feces microbiome,
PRJNA1148062,Porcine,Sus scrofa,regex_title_only_no_abstract,,,,6,WGS,True,Porcine intestinal flora,
PRJDB3601,Homo sapiens,Homo sapiens,llm,9606.0,,,255,WGS,True,Metagenomics of Japanese gut microbiomes,
PRJEB90218,Mus musculus,Mus musculus,regex_title_only_no_abstract,10090.0,UBERON:feces,USA;USA:CA,327,WGS,True,MPRINT - Mouse Maternal Antibiotics Transfer,
PRJEB37572,Mus musculus,Homo sapiens,llm,10090.0,,,86,WGS,True,Diabetes induced microbiome dysbiosis is associated with therapy resistance in Pancreatic Ductal Adenocarcinoma (PDAC),
PRJNA1141435,Perca flavescens,Perca flavescens,llm,8167.0,,"USA: MN, Trout Lake",62,WGS,True,Microbiome and resistome from yellow perch gut living in different lakes under anthropogenic pressure,
PRJEB23147,Homo sapiens,Homo sapiens,llm,,,,930,WGS,True,Human_colon_16S,
PRJEB86259,Gallus gallus,Meleagris gallopavo,regex_title_only_no_abstract,9031.0,Caecum right,Austria,100,WGS,True,3D'omics: Histomonas challenge turkey trial,
PRJNA1049198,Gallus gallus,Gallus gallus,regex_title_only_no_abstract,9031.0,,China:Nanjing,90,WGS,True,Metagenomic next-generation sequencing (mNGS) of the chicken ileum and cecum,
PRJNA684050,Propithecus coquereli,Propithecus verreauxi,llm,379532.0,,"USA: Duke Lemur Center, Durham NC",58,AMPLICON,True,Gut microbiota of frugo-folivorous sifakas across environments,
PRJNA746114,Homo sapiens,,llm_unknown,9606.0,,China:Guangzhou,169,AMPLICON,True,lung cancer biomarker Raw sequence reads,
PRJNA734100,swine,Sus scrofa,regex_title_only_no_abstract,,,,23,WGS,True,studies of metagenome sequencing on swine manure and soil,
PRJNA646934,pig B6,,llm_unknown,,,China: Anhui Province,14,WGS,True,Microbial community diversity of feces from food animals,
PRJNA678365,Homo sapiens,Homo sapiens,llm,,,Bangladesh:Tongi,32,AMPLICON,True,"Human, goat, and chicken gut microbiomes and resistomes in urban and rural Bangladesh",
PRJNA865396,Eriocheir sinensis,Eriocheir sinensis,llm,95602.0,,China: Shenyang,6,WGS,True,Metagenomic analysis of gut microbiota in Eriocheir sinensis,
PRJEB86255,Gallus gallus,Gallus gallus,regex_title_only_no_abstract,9031.0,Caecum,Austria,720,WGS,True,3D'omics: Adenovirus challenge poultry trial,
PRJNA1193782,Sus scrofa,Sus scrofa,regex_title_only_no_abstract,9823.0,,China: Daocheng,57,WGS,True,Metegenomic of the pig,
PRJNA825132,shrimp,Penaeus vannamei,llm,,,China,3,WGS,True,shrimp gut metagenome Metagenome,
PRJNA726636,southern_sea_otter;southern sea otter,Enhydra lutris,llm,1049777.0,,USA: California,720,AMPLICON,True,Sea otter (Enhydra lutris) Raw sequence reads,
PRJNA1215014,Sus,Sus scrofa,regex_title_only_no_abstract,9822.0,,missing,24,WGS,True,"Piglet colon digesta sample, microbial 16S rRNA sequencing raw data",
PRJNA494387,Bos javanicus,,llm_unknown,9493.0,,Italy,3,WGS,True,Beyond the tip of the iceberg: illuminating bacterial dark matter through a combination of metagenomics and culturomic approaches,
PRJNA847183,Homo sapiens,Homo sapiens,regex_title_only_no_abstract,9606.0,,"Belgium:Ghent,L1B",24,WGS,True,"Application of short-read metagenomics for helminth characterisation in human, livestock and cetacean faecal samples",
PRJNA1108201,broiler,Gallus gallus,regex_title_only_no_abstract,,,China:JiaXing,76,AMPLICON,True,Viral metagenome and16s sequencing of foregut and hindgut of yellow-feathered broilers,
PRJDB5860,Homo sapiens,,llm_unknown,9606.0,,Thailand,376,AMPLICON,True,Asian Microbiome Project,
PRJEB31650,Sus scrofa,,llm_unknown,9823.0,,Denmark,567,WGS,True,Metagenomic assessment of the effect of sample processing on different microbiomes,
PRJDB8987,Macaca fuscata,Macaca fuscata,llm,9542.0,,Japan,27,AMPLICON,True,Gut microbe of Japanese macaques in the highland and lowland Yakushima,
PRJNA666163,Gallus gallus,Gallus gallus,regex_title_only_no_abstract,9031.0,,Canada: Quebec,40,WGS,True,Chicken Cecal Metagenome Sequencing,
PRJNA821505,Gallus gallus,Gallus gallus,llm,9031.0,,USA: Baltimore,156,WGS,True,Short-term feeding of defatted bovine colostrum mitigates inflammation in the gut via changes in metabolites and microbiota in a chicken animal model,
PRJNA1014131,Manis javanica,,llm_unknown,9974.0,,China:Shenzhen,16,WGS,True,Captive breeding Pangolin gut virus,
PRJDB14971,Mus musculus,Mus musculus,regex_title_only_no_abstract,10090.0,,Japan,34,WGS,True,Genetic mutation on Escherichia coli genome during adaptation to the murine intestine is optimized to the host's diet.,
PRJDB18384,Homo sapiens,Homo sapiens,regex_title_only_no_abstract,9606.0,,"Japan:Tokyo, Shinjuku",11,WGS,True,Gut microbiota of healthy Japanese adult,
PRJNA574295,Sus scrofa,Sus scrofa,regex_title_only_no_abstract,9823.0,,Norway: As,389,AMPLICON,True,pig gut metagenome Targeted loci environmental,
PRJDB20772,Mus musculus,Mus musculus,regex_title_only_no_abstract,10090.0,,Japan:Tokyo,8,WGS,True,Mouse feces metabolome conventional vs germfree,
PRJNA1375668,Sus scrofa,,llm_unknown,9823.0,,China:Hunan,24,WGS,True,gut metagenome,
PRJNA1006504,Gallus gallus,Gallus gallus,regex_title_only_no_abstract,9031.0,,Thailand,2,WGS,True,The effect of probiotic Bacillus subtilis alone and Clostridium butyricum in addition to Bacillus subtilis supplementation on the gut microbiome of Thai commercial broilers,
PRJEB101827,Gallus gallus domesticus,Gallus gallus,regex_title_only_no_abstract,9031.0,,India,120,WGS,True,Chromosomal and mobile antimicrobial resistance genes in the chicken caecal microbiome,
PRJNA434147,Hypomesus transpacificus,,llm_unknown,137520.0,,"USA: California, Tracy",5,WGS,True,Delta Smelt gut content study,
PRJDB17226,Mus musculus,Mus musculus,regex_title_only_no_abstract,10090.0,,Japan:Tokyo,10,WGS,True,Functional changes in the host gut microbiota of mice by S. salivarius-produced EPS.,
PRJNA1173401,Gallus gallus,Gallus gallus,regex_title_only_no_abstract,9031.0,,China: nanjing,6,WGS,True,chicken cecal microbiota metagenomic analysis,
PRJNA672868,Sus scrofa,Sus scrofa,regex_title_only_no_abstract,9823.0,,"United Kingdom: Sparsholt, Hampshire",5,WGS,True,Pig metagenome,
PRJEB100724,Sus scrofa,Sus scrofa,regex_title_only_no_abstract,9823.0,Caecum,Denmark,54,WGS,True,3D'omics: proof-of-concept mannan fibre swine trial,
PRJNA944612,Sus scrofa domesticus,Sus scrofa,regex_title_only_no_abstract,9825.0,,USA,720,WGS,True,16S metagenomic analysis of the biogeographic changes associated with Salmonella enterica infection in swine,
PRJNA408025,Sus scrofa,Sus scrofa,regex_title_only_no_abstract,9823.0,,,114,AMPLICON,True,Global studies of microbial diversity in pig gut,
PRJDB10829,Homo sapiens,Homo sapiens,regex_title_only_no_abstract,9606.0,,Japan,112,WGS,True,Generic sample from human gut metagenome,
PRJNA1002411,Bos taurus,Bos taurus,regex_title_only_no_abstract,9913.0,,USA: Michigan,140,WGS,True,Impact of intramuscular ceftiofur treatment on the gut microbiome and resistome of dairy cattle,
PRJNA1328827,Felis catus,,llm_unknown,,,USA: Eugene,80,AMPLICON,True,Heat-assisted microbiome sample desiccation,
PRJNA1332145,Sus scrofa,Sus scrofa,regex_title_only_no_abstract,9823.0,,"China: Zoucheng, Shandong Province",112,WGS,True,"Antibiotic feeding reshapes the pig gut resistome through diversity loss, vertical consolidation, and ecological reorganization",
PRJNA1227156,Gallus gallus,Gallus gallus,regex_title_only_no_abstract,9031.0,,Czechia,26,WGS,True,broiler chicken microbiota Raw sequence reads,
PRJEB60032,Sus scrofa,Sus scrofa,regex_title_only_no_abstract,9823.0,,France,882,AMPLICON,True,Host genetics influences gut microbiota over generations in pigs,
PRJNA688310,Sus scrofa,,llm_unknown,9823.0,,United Kingdom: Hertfordshire,5,WGS,True,Wide distribution of alternatively coded Lak megaphages in animal microbiomes,
PRJDB38851,Corvus dauuricus,Corvus frugilegus,llm,477934.0,,missing: data agreement established pre-2023,12,WGS,True,"The gut RNA viromes in wild Rooks (Corvus frugilegus), Red-billed choughs (Pyrrhocorax pyrrhocorax), and Daurian jackdaws (Corvus dauuricus) (PRJCA042798)",
PRJNA689655,Sus scrofa domesticus,,llm_unknown,9825.0,,China: Guangxi,42,WGS,True,The diversities of microbial in gut and stomach,
PRJDB14208,Homo sapiens,Homo sapiens,llm,9606.0,,Japan,55,WGS,True,Relationship between Ureaplasma in gastric fluid of neonates with respiratory distress and chorioamnionitis,
PRJNA863566,mice,Mus musculus,regex_title_only_no_abstract,,,,6,WGS,True,Microbiome analysis of NOD mice,
PRJNA694380,Sus scrofa domesticus,Sus scrofa,regex_title_only_no_abstract,9825.0,,Thailand: Prachin Buri,2,WGS,True,Metagenomics of antimicrobial and heavy metal resistance in the cecal microbiome of fattening pigs raised without antibiotics,
PRJDB38277,Homo sapiens,Homo sapiens,llm,9606.0,,missing: data agreement established pre-2023,51,WGS,True,Characteristics of intestinal bacteria in long-lived elderly (PRJCA019954),
PRJNA447857,Fish,,llm_unknown,,,Mexico,14,WGS,True,Cuatro Cienegas viral metagenome,
PRJDB18854,Homo sapiens,Homo sapiens,regex_title_only_no_abstract,9606.0,,"Japan:Yamanashi, Chuo",112,WGS,True,Gut microbiota of healthy Japanese adult,
PRJEB77276,Mus musculus,Mus musculus,regex_title_only_no_abstract,10090.0,,Spain,481,WGS,True,BeHo mouse study,
PRJNA812273,Nomascus hainanus,Nomascus hainanus,llm,693984.0,,China: Hainan,1,WGS,True,Nomascus hainanus Raw sequence reads,
PRJNA880549,Gallus gallus,Gallus gallus,llm,9031.0,,,285,AMPLICON,True,Early-Life Prophylactic Antibiotic Treatment Disturbed the Stability of Gut Microbiota and reduced H9N2 AIV Resistance in Chicks,
PRJNA656000,Pig P1,Sus scrofa,regex_title_only_no_abstract,,,China: Chengdu,6,WGS,True,pig gut metagenome Raw sequence reads,
PRJEB56784,Homo sapiens,,llm_unknown,9606.0,UBERON:feces,USA:CA: San Diego,382,AMPLICON,True,Validation of the nucleic acid automation pipeline using Matrix tubes,
PRJNA769968,Homo sapiens,Homo sapiens,llm,9606.0,,China: Weihai,222,WGS,True,Probiotic consumption relieved Parkinson's disease via modulating the gut microbiota and neuroactive compounds,
PRJNA375762,Gallus gallus,Gallus gallus,regex_title_only_no_abstract,9031.0,,USA,12,WGS,True,Chicken cecum metagenome,
PRJDB37123,Mus,Bos taurus,llm,10088.0,,missing: data agreement established pre-2023,20,WGS,True,Fisetin alleviates lipopolysaccharide-induced mastitis by inhibiting ferroptosis and modulating the gut microbiota (PRJCA041621),
PRJNA982563,Homo sapiens,Homo sapiens,llm,9606.0,,"China:Guangxi,Nanning",232,WGS,True,Daily occupational exposure in swine farm alters human skin microbiota and antibiotic resistome,
PRJNA575288,Sus scrofa ussuricus,Sus scrofa,regex_title_only_no_abstract,490583.0,,missing,15,WGS,True,Characterization of the bacterial microbiota composition and evolution at different intestinal tract in wild pigs (Sus scrofa ussuricus),
PRJNA798835,Sus scrofa domesticus,Sus scrofa,regex_title_only_no_abstract,9825.0,,USA,242,AMPLICON,True,Longitudinal swine fecal microbiome,
PRJNA887229,fish,,llm_unknown,,,China: Guangzhou,1,WGS,True,fish gut metagenome Raw sequence reads,
PRJNA844176,Sus scrofa,,llm_unknown,9823.0,,China: Sichuan,15,WGS,True,microbiotal communtiy diversity,
PRJNA1070856,Sus scrofa,Sus scrofa,regex_title_only_no_abstract,9823.0,,China:ChangSha,35,WGS,True,pig gut metagenome,
PRJDB7378,Homo sapiens,Homo sapiens,regex_title_only_no_abstract,9606.0,,Japan,50,WGS,True,Generic sample from human gut metagenome,
PRJNA643301,Sus scrofa domesticus,Sus scrofa,regex_title_only_no_abstract,9825.0,,Canada: Saint-Hyacinthe,63,WGS,True,porcine virome,
PRJNA894152,Homo sapiens,Homo sapiens,regex_title_only_no_abstract,9606.0,,Nicaragua,82,WGS,True,Long read infant/young children fecal and environmental samples,
PRJDB4495,Homo sapiens,,llm_unknown,9606.0,,Japan: Tokyo,7,RNA-Seq,True,Extracelular nucleic acids in biofilms,
PRJDB14449,Chimaeridae,Chimaera phantasma,llm,7869.0,,Japan:Suruga Bay,3,WGS,True,"16S rRNA Gene Amplicon Sequencing of Gut Microbiota in Chimaera phantasma of Deep-Sea Fish in Suruga Bay, Japan.",
PRJEB64334,Salmo salar,Salmo salar,regex_title_only_no_abstract,,,Norway,904,WGS,True,Multi-omics of host-gut microbiota interactions in healthy and parasitized farmed Atlantic salmon,
PRJNA915251,Homo sapiens,Homo sapiens,regex_title_only_no_abstract,9606.0,,United Kingdom: Bath,683,WGS,True,Microbial diversity and resistance in faecal samples from acute medical patients assessed through metagenomic sequencing,
PRJNA298736,Gallus gallus,Gallus gallus,regex_title_only_no_abstract,9031.0,,Italy,13,WGS,True,Cecal microbiota of BC and FRC chicken metagenome,
PRJNA1217868,Sus scrofa,,llm_unknown,9823.0,,"USA: North Carolina, Raleigh",24,WGS,True,"Reduction of Allograft Apoptosis, Epithelial Damage, and Inflammation in Intestinal Transplantation with Normothermic Machine Perfusion",
PRJNA816918,Homo sapiens,Homo sapiens,regex_title_only_no_abstract,9606.0,,"USA: Davis, California",18,WGS,True,"GENIUS Study, Shotgun Metagenomes from Fecal Samples of Healthy Adults",
PRJNA397041,Gallus gallus,Gallus gallus,regex_title_only_no_abstract,9031.0,,China: farm in Hebei,18,WGS,True,chicken gut microorganism Metagenome,
PRJDB36557,Corvus macrorhynchos,Corvus macrorhynchos,llm,36249.0,,missing: data agreement established pre-2023,7,WGS,True,The gut RNA viromes in wild Large-billed Crows and Northern Ravens (PRJCA039220),
PRJDB37067,Ovis ammon,,llm_unknown,30527.0,,missing: data agreement established pre-2023,12,WGS,True,The Impact of Captivity on the Antibiotic Resistome of Wildlife (PRJCA041365),
PRJDB16036,Homo sapiens,Homo sapiens,llm,9606.0,,Papua New Guinea,13,WGS,True,Functional characteristics of gut microbiomes among Papua New Guinea highlanders believed to be adapted to a low-protein diet,
PRJNA806482,RAT,Rattus norvegicus,regex_title_only_no_abstract,,,South Korea,18,WGS,True,Microbiome Analysis in Osteoarthritis Rat Model,
PRJNA804100,Micropterus salmoides,"Freshwater mussels are parasitic on fish hosts during their larval stages. Based on the title mentioning ""host fish gut microbe community composition",llm,27706.0,,USA: Michigan,53,WGS,True,Freshwater mussels and host fish gut microbe community composition,
PRJNA866162,Homo sapiens,Homo sapiens,regex_title_only_no_abstract,,,"USA: Indiana, West Lafayette",283,AMPLICON,True,Human gut microbial consortia that are specifically evolved and selected by the arabinoxylan polysaccharide from sorghum bran,
PRJNA983076,Camelus bactrianus,,llm_unknown,,,Germany: Zoo Saarbruecken,67,WGS,True,Tiermagine,"1. Nat Commun. 2024 Sep 26;15(1):8263. doi: 10.1038/s41467-024-52669-9.

Exploring microbial diversity and biosynthetic potential in zoo and wildlife 
animal microbiomes.

Schmartz GP(#)(1), Rehner J(#)(2), Schuff MJ(2), Molano LG(1), Becker SL(2), 
Krawczyk M(3), Tagirdzhanov A(1)(4), Gurevich A(4)(5), Francke R(6), Müller 
R(4), Keller V(#)(1), Keller A(#)(7)(8).

Author information:
(1)Chair for Clinical Bioinformatics, Saarland University, 66123, Saarbrücken, 
Germany.
(2)Institute of Medical Microbiology and Hygiene, 66421 Saarland University, 
Homburg, Germany.
(3)Department of Medicine II, 66421 Saarland University, Homburg, Germany.
(4)Helmholtz Institute for Pharmaceutical Research Saarland, Helmholtz Center 
for Infection Research, 66123, Saarbrücken, Germany.
(5)Department of Computer Science, Saarland University, 66123, Saarbrücken, 
Germany.
(6)Zoo Saarbücken, 66121, Saarbrücken, Germany.
(7)Chair for Clinical Bioinformatics, Saarland University, 66123, Saarbrücken, 
Germany. andreas.keller@ccb.uni-saarland.de.
(8)Helmholtz Institute for Pharmaceutical Research Saarland, Helmholtz Center 
for Infection Research, 66123, Saarbrücken, Germany. 
andreas.keller@ccb.uni-saarland.de.
(#)Contributed equally

Understanding human, animal, and environmental microbiota is essential for 
advancing global health and combating antimicrobial resistance (AMR). We 
investigate the oral and gut microbiota of 48 animal species in captivity, 
comparing them to those of wildlife animals. Specifically, we characterize the 
microbiota composition, metabolic pathways, AMR genes, and biosynthetic gene 
clusters (BGCs) encoding the production of specialized metabolites. Our results 
reveal a high diversity of microbiota, with 585 novel species-level genome bins 
(SGBs) and 484 complete BGCs identified. Functional gene analysis of microbiomes 
shows diet-dependent variations. Furthermore, by comparing our findings to 
wildlife-derived microbiomes, we observe the impact of captivity on the animal 
microbiome, including examples of converging microbiome compositions. 
Importantly, our study identifies AMR genes against commonly used veterinary 
antibiotics, as well as resistance to vancomycin, a critical antibiotic in human 
medicine. These findings underscore the importance of the 'One Health' approach 
and the potential for zoonotic transmission of pathogenic bacteria and AMR. 
Overall, our study contributes to a better understanding of the complexity of 
the animal microbiome and highlights its BGC diversity relevant to the discovery 
of novel antimicrobial compounds.

© 2024. The Author(s).

DOI: 10.1038/s41467-024-52669-9
PMCID: PMC11427580
PMID: 39327429 [Indexed for MEDLINE]

Conflict of interest statement: G.P.S., R.M., and A.K. are co-founders of MooH 
GmbH, a company developing metagenomic-based oral health tests. The remaining 
authors declare no competing interests."
PRJNA1224791,Gallus gallus domesticus,Gallus gallus,regex_title_only_no_abstract,9031.0,,"USA: Athens, GA",97,WGS,True,Chicken Gut Metagenomes,
PRJNA1214037,Sus scrofa,Sus scrofa,regex_title_only_no_abstract,9823.0,,Spain,144,WGS,True,Gut microbiome in swine dysentery,
PRJNA1175391,Micropterus salmoides,Micropterus salmoides,regex_title_only_no_abstract,27706.0,,,12,WGS,True,fecal microbe from Micropterus salmoides,
PRJNA887424,Bos taurus,,llm_unknown,9913.0,,USA: Oklahoma,578,AMPLICON,True,Patterns and determinants of the global herbivorous Mycobiome,
PRJDB16312,Homo sapiens,Homo sapiens,regex_title_only_no_abstract,9606.0,,Japan,30,WGS,True,Gut Microbiome Analysis of Japanese Patients with Multiple Chemical Sensitivity,
PRJNA769425,Sus scrofa domesticus,Sus scrofa,regex_title_only_no_abstract,9825.0,,Thailand,18,WGS,True,"Metagenomic analysis of the gut microbiota in piglets reveals beneficial effects of probiotics on its composition, resistome, digestive function and oxidative stress responses",
PRJNA1269114,Sus scrofa,,llm_unknown,9823.0,,USA,13,WGS,True,IsoLoop Model,
PRJNA741607,rat,Mus musculus,regex_title_only_no_abstract,,,Japan: Kagawa Prefecture,59,WGS,True,Inhibitory Effects of Lactulose on Colitis-Associated Carcinogenesis by Restoration of the Gut Microbiota in AOM/DSS Mouse Model,
PRJNA643396,Gallus gallus,Gallus gallus,regex_title_only_no_abstract,9031.0,,Spain,181,WGS,True,Broiler chicken sequencing,
PRJEB90484,Gallus gallus,Gallus gallus,regex_title_only_no_abstract,9031.0,,USA,59,WGS,True,PRECISION BIOTIC AND ENTERIC HEALTH IN BROILERS,
PRJEB73981,Mus musculus,Mus musculus,regex_title_only_no_abstract,,,Germany,60,WGS,True,Metabolic modeling reveals the aging-associated decline of host-microbiome metabolic interactions in mice,
PRJDB38848,Corvus dauuricus,Corvus frugilegus,llm,477934.0,,missing: data agreement established pre-2023,12,WGS,True,"The gut DNA viromes in wild Rooks (Corvus frugilegus), Red-billed choughs (Pyrrhocorax pyrrhocorax), and Daurian jackdaws (Corvus dauuricus) (PRJCA042774)",
PRJDB38938,Mus musculus,Homo sapiens,llm,10090.0,,missing: data agreement established pre-2023,18,WGS,True,Multi-omics analysis reveals the molecular mechanisms of gut microbiota in Parkinson's disease (PRJCA043238),
PRJNA630862,Sus scrofa,Sus scrofa,regex_title_only_no_abstract,9823.0,,South Korea,20,WGS,True,Pig gut microbiome and its relationship with host weight,
PRJNA435487,Gallus gallus,Gallus gallus,regex_title_only_no_abstract,9031.0,,India: Anand,10,WGS,True,Chicken ceacal metagenome,
PRJNA255875,Sus scrofa domesticus,Sus scrofa,llm,9825.0,,France: SAINT-GENES-CHAMPANELLE,16,WGS,True,Minipig strain:Goettingen Metagenome,
PRJNA736861,Homo sapiens,,llm_unknown,9606.0,,China:Beijing,33,WGS,True,Different source of pectin,
PRJNA1095217,Anas crecca,,llm_unknown,,,Russia: Novosibirsk,2,WGS,True,Viral diversity of wild birds,
PRJEB20308,Canis lupus familiaris,Canis lupus familiaris,llm,9615.0,,,129,WGS,True,Similarity of the dog and human gut microbiomes in gene content and response to diet,
PRJNA1061804,Gallus gallus domesticus,Gallus gallus,regex_title_only_no_abstract,,,USA: Arkansas,41,WGS,True,Heat-stressed chicken cecal microbiota,
PRJDB20360,Homo sapiens,,llm_unknown,9606.0,,Japan,490,WGS,True,JACCRO GC-18,
PRJDB9649,Homo sapiens,Homo sapiens,llm,9606.0,,China,88,WGS,True,Fecal microbiota transplantation alleviates diabetes peripheral neuropathy,
PRJNA807368,Sus scrofa domesticus,Sus scrofa,regex_title_only_no_abstract,9825.0,,China: Bengbu,12,WGS,True,Dissecting the effect of berberine on the intestinal microbiome in the weaned piglets by metagenomic sequencing,
PRJDB31830,Pseudois nayaur,Pseudois nayaur,llm,59542.0,,missing: data agreement established pre-2023,79,WGS,True,Study on the association between the diet and the gut microbiota of bharals (PRJCA027325),
PRJNA974554,Homo sapiens,,llm_unknown,9606.0,,China: shenyang,72,WGS,True,feces metagenome Genome sequencing,
PRJEB86260,Meleagris gallopavo,Gallus gallus,regex_title_only_no_abstract,9103.0,Caecum,Austria,1000,WGS,True,3D'omics: Histomonas challenge chicken trial,
PRJEB74702,Mus musculus,Mus musculus,regex_title_only_no_abstract,10090.0,feces,United Kingdom,24,WGS,True,SYK mice,
PRJDB19991,Homo sapiens,Homo sapiens,regex_title_only_no_abstract,9606.0,,Japan:Tokyo,40,WGS,True,Human Gut Metagenome,
PRJNA1204506,Gallus gallus,Gallus gallus,regex_title_only_no_abstract,,,,5,WGS,True,Impact of ARGs on poultry gut metagenome,
PRJNA717910,Korean quail,Coturnix japonica,llm,,,China: Nanchang,10,WGS,True,Studies of microbial diversity on Korean quail,
PRJNA981100,Sus scrofa,Sus scrofa,regex_title_only_no_abstract,9823.0,,Spain,48,WGS,True,Study of feed factor in Iberian Pig Microbiome samples,
PRJDB36556,Corvus macrorhynchos,Corvus macrorhynchos,llm,36249.0,,missing: data agreement established pre-2023,7,WGS,True,The gut DNA viromes in wild Large-billed Crows and Northern Ravens (PRJCA039217),
PRJNA1023249,Capra hircus,Capra hircus,regex_title_only_no_abstract,,,USA: California,3,WGS,True,cultivated microbial species from anaerobic digester sludge and goat feces,
PRJNA1065277,Homo sapiens,Homo sapiens,llm,9606.0,,China: Hulun Buir,68,WGS,True,Delivery mode and maternal gestational diabetes are important factors in shaping the neonatal initial gut microbiota,
PRJNA841251,Homo sapiens,Homo sapiens,regex_title_only_no_abstract,9606.0,,China:Guangzhou,139,AMPLICON,True,The gut microbiome dynamic changes of lung cancer patients during Chemoradiotherapy,
PRJDB15956,Homo sapiens,Homo sapiens,llm,9606.0,,Japan:Nagoya,167,WGS,True,Shotgun data in the gut of Parkinson's disease,
PRJNA1090561,Salmo salar,Salmo salar,regex_title_only_no_abstract,,,China:Yantai,21,WGS,True,Microbial diversity and function in intestinal contents and environment in freshwater phase of Atlantic Salmon feeding,
PRJDB36826,Homo sapiens,Homo sapiens,llm,9606.0,,missing: data agreement established pre-2023,72,WGS,True,Metagenomic data of the gut microbiota in healthy young individuals (PRJCA040384),
PRJDB18359,Homo sapiens,,llm_unknown,9606.0,,"Japan:Tokyo, Shinjuku",45,WGS,True,Gut microbiota of dietary intervention study,
PRJDB36534,Ailuropoda melanoleuca,Ailuropoda melanoleuca,regex_title_only_no_abstract,9646.0,,missing: data agreement established pre-2023,190,AMPLICON,True,gut microbiota of giant panda (PRJCA039099),
PRJNA1027632,Gallus gallus subsp domesticus,,llm_unknown,,,United Kingdom,197,WGS,True,"Yeast mannan rich fraction positively influences microbiome uniformity, productivity associated taxa, and lay performance",
PRJNA947193,Homo sapiens,Homo sapiens,regex_title_only_no_abstract,9606.0,,USA: Orlando,44,WGS,True,Host-Diet-Gut Microbiome Interactions Influence Human Energy Balance: a Randomized Clinical Trial,
PRJNA903767,Ochotona curzoniae,Ochotona curzoniae,regex_title_only_no_abstract,130825.0,,China:Qinghai,34,WGS,True,Anthropogenic disturbance promotes the diversification of antibiotic resistance genes and virulence factors in the gut of plateau pikas (Ochotona curzoniae),
PRJNA951204,Sus scrofa,Sus scrofa,regex_title_only_no_abstract,9823.0,,China: Hainan,1,WGS,True,Pig gut metagenome Raw sequence reads,
PRJEB41657,Salmo salar,Salmo salar,regex_title_only_no_abstract,8030.0,Distal gut content,Norway,359,WGS,True,HoloFood Salmon Trial A+B Gut Metagenome,
PRJNA883557,Rattus norvegicus,,llm_unknown,10116.0,,China: Zunyi,20,WGS,True,Feces metagenome Raw sequence reads,
PRJNA699146,Homo sapiens,,llm_unknown,9606.0,,China:Beijing,48,WGS,True,Effect of pectin with different molar mass,
PRJDB39230,Equus hemionus,Equus hemionus,llm,9794.0,,missing: data agreement established pre-2023,19,WGS,True,Research on the Adaptive Mechanisms of the Gut Microbiota in Mongolian Wild Ass (PRJCA045328),
PRJDB16698,Mus musculus,,llm_unknown,10090.0,,Japan:Kyoto,6,WGS,True,The effect of Regnase-1 on gut microbes,
PRJNA924981,Gallus gallus,Gallus gallus,regex_title_only_no_abstract,9031.0,,China: Nanjing,15,WGS,True,In vitro fermentation properties of magnesium hydride and related modulation effects on broiler colonic microbiome and metabolome,
PRJEB81554,Mus musculus,Mus musculus,llm,10090.0,UBERON:feces,USA;USA:CA:Pasadena,476,WGS,True,Project 3 3XTG Aim 1-Alzheimers Gut Microbiome Project,
PRJDB38794,Apis cerana,Apis cerana,llm,7461.0,,missing: data agreement established pre-2023,8,WGS,True,Metagenomic sequencing of Apis cerana before and after infection with CSBV (PRJCA042469),
PRJEB81553,Mus musculus;Mus musculus castaneus,Mus musculus,llm,10091.0,UBERON:feces,USA;USA:CA:Pasadena,288,WGS,True,Project 3 5XFAD Aim 1-Alzheimers Gut Microbiome Project,
PRJDB36905,Homo sapiens,Homo sapiens,llm,,,missing: data agreement established pre-2023,42,WGS,True,"Metagenomic sequencing of humans, pigs, and environment along the pork supply chain (PRJCA040681)",
PRJNA813004,Angus cattle,,llm_unknown,,,China:bole,10,WGS,True,gut metagenome,
PRJNA1301039,Gallus gallus,,llm_unknown,9031.0,,China:Lintao,48,WGS,True,unclassified entries unclassified sequences metagenomes Raw sequence reads,
PRJNA1030210,Bos taurus,,llm_unknown,9913.0,,United Kingdom,35,AMPLICON,True,Microbial diversity in waste products from farmland,
PRJNA704780,Gallus gallus,Gallus gallus,regex_title_only_no_abstract,9031.0,,China: Guangdong,8,WGS,True,Gut microbiome - Chicken Abdominal Fat Deposition,
PRJNA1034944,Canis lupus,,llm_unknown,,,China:Yangzhou,26,WGS,True,Fecal microbiota of zoo animals raw sequence reads,
PRJEB88878,Mus musculus,Mus musculus,regex_title_only_no_abstract,10090.0,,France,83,WGS,True,This project aims to characterise the effects of a high-fat diet and fructo-oligosaccharides on the gut microbiota throughout the gastrointestinal tract of mice.,
PRJNA872265,Ailuropoda melanoleuca,Ailuropoda melanoleuca,regex_title_only_no_abstract,9646.0,,China: Chengdu,119,WGS,True,A collection of metagenome-assembled genomes from the giant pandas gut microbiome,
PRJNA1000214,Wenchang Chicken,Gallus gallus,regex_title_only_no_abstract,,,China:HangZhou,16,WGS,True,Metagenome of Areca catechu chickens,
PRJNA1147314,Danio rerio,Danio rerio,llm,7955.0,,"USA: Corvallis, Oregon",838,WGS,True,Clearing the air on pollutant disruptions of the gut-brain axis: Developmental exposure to Benzo[a]pyrene disturbs zebrafish behavior and the gut microbiome in adults and subsequent generations,
PRJDB38865,Homo sapiens,Homo sapiens,regex_title_only_no_abstract,9606.0,,missing: data agreement established pre-2023,110,WGS,True,Efficacy and mechanism of Bifidobacterium animalis subsp. lactis BL-99 in promoting age-related intestinal peristalsis in older adults (PRJCA042472),
PRJNA1039992,Gallus gallus,Gallus gallus,regex_title_only_no_abstract,9031.0,,China: Chengdu,120,WGS,True,Chicken metagenomic sequencing,
PRJDB4835,Mus musculus,,llm_unknown,10090.0,,Japan:Kanagawa,30,WGS,True,Microbiota related to Defencin production,
PRJNA528960,Homo sapiens,,llm_unknown,9606.0,,USA,133,WGS,True,Metagenomic sequencing of stool Metagenome,
PRJNA1208715,Sus scrofa,Sus scrofa,regex_title_only_no_abstract,9823.0,,Spain:Girona,60,WGS,True,Porcine Shotgun Metagenomics,
PRJEB60080,Sus scrofa domesticus,Sus scrofa,regex_title_only_no_abstract,9825.0,,France,6,WGS,True,Shotgun metagenomic data from mock communities and pig faeces samples,
PRJNA612780,Homo sapiens,Homo sapiens,llm,,,Pakistan:Peshawar,26,WGS,True,Comparative fecal microbiota characterization and antimicrobial resistance pattern in human and poultry,
PRJDB36334,Cervus albirostris,Cervus elaphus,llm,1088058.0,,missing: data agreement established pre-2023,114,WGS,True,Comparative Macrogenomics Reveal Plateau Adaptation of Gut Microbiota in Cervids (PRJCA031028),
PRJNA902117,Gallus gallus,Gallus gallus,regex_title_only_no_abstract,9031.0,,Canada: Alberta,33,WGS,True,Seven-day-old commercial chicken gut microbiome (shotgun metagenomic sequencing reads) raw sequence reads,
PRJNA873123,Gallus gallus,Gallus gallus,regex_title_only_no_abstract,9031.0,,"China: Hebei,Zhuozhou",32,WGS,True,Enzymatically prepared alginate oligosaccharides improve broiler chicken growth performance by modulating the gut microbiota and growth hormone signals,
PRJNA562600,Homo sapiens,Homo sapiens,llm,9606.0,,missing,148,WGS,True,Multi-omic analysis of Clostridioides difficile infection and response to therapy in pediatric inflammatory bowel disease,
PRJNA1050657,Chroicocephalus ridibundus,Larus ridibundus,llm,1192867.0,,China: Kunming,5,WGS,True,Feces of Larus ridibundus Centrifuge sediment of freshwater Raw sequence reads,
PRJEB84922,Mus musculus,Mus musculus,regex_title_only_no_abstract,10090.0,,Germany:Braunschweig;Germany,471,AMPLICON,True,SPF Mice were transplanted with wildling microbiota and characterized regarding microbiome composition and immune functionality,
PRJNA658643,Gallus gallus,Gallus gallus,regex_title_only_no_abstract,9031.0,,China:Yangzhou,9,WGS,True,Gut Microbiome Sequencing Result of Arbor Acres Broilers,
PRJNA730677,Homo sapiens,Homo sapiens,regex_title_only_no_abstract,9606.0,,Israel: Tel-Aviv,70,WGS,True,Genomic adaptations of Escherichia coli strains from patients with inflammatory bowel diseases,
PRJDB6503,Homo sapiens,,llm_unknown,9606.0,,Japan,30,WGS,True,Method assessment of fecal DNA extraction,
PRJNA628114,Mus musculus,Mus musculus,regex_title_only_no_abstract,10090.0,,China:Nanjing,42,WGS,True,mouse gut metagenome Raw sequence reads,
PRJDB20643,Homo sapiens,,llm_unknown,9606.0,,Japan:Tokyo,5,WGS,True,Optimization of qPCR diagnosis for Entamoeba histolytica by ddPCR,
PRJDB18316,Homo sapiens,Homo sapiens,llm,9606.0,,Japan,166,WGS,True,Association between polygenic risk score for prostate cancer and the gut microbiota,
PRJNA645191,Sus scrofa domesticus,Sus scrofa,regex_title_only_no_abstract,9825.0,,USA: Philadelphia,90,WGS,True,Parity is associated with maternal gut microbiome composition during pregnancy and offspring microbiome composition in pigs,
PRJEB55583,Homo sapiens neanderthalensis,,llm_unknown,,,Spain,38,WGS,True,Reconstruction of Middle and Late Paleolithic metagenomes to access natural products,
PRJDB16167,Mus musculus,Mus musculus,regex_title_only_no_abstract,10090.0,,"Japan:Ibaraki, Tsukuba, Tsukuba University",9,WGS,True,Genetic mutation on Escherichia coli genome during adaptation to the murine intestine is optimized to the host's diet. Inoculation of mutS deficient strain.,
PRJNA778431,swine,Sus scrofa,regex_title_only_no_abstract,,,China:Fujian,12,WGS,True,gut microbiota of swine Genome sequencing and assembly,
PRJNA663646,Homo sapiens,,llm_unknown,9606.0,,missing,20,WGS,True,External validation cohorts for CRC-SNP analysis,
PRJNA907943,Petaurus gracilis,Macropus rufus,llm,122273.0,,Australia,112,AMPLICON,True,Characterisation and isolation of novel host-associated Methanocorpusculum species from native Australian herbivores,
PRJNA673878,Gallus gallus,Gallus gallus,regex_title_only_no_abstract,9031.0,,Poland: Wroclaw,5,WGS,True,Broiler gut metagenome,
PRJDB17852,Homo sapiens,,llm_unknown,9606.0,,missing,129,WGS,True,16S rRNA amplicon sequencing of colorectal polyps,
PRJNA755985,Cervus nippon Temminck,,llm_unknown,,,China:Baiquan,44,AMPLICON,True,gut microbiota Raw sequence reads,
PRJNA945365,Micropterus salmoides,,llm_unknown,27706.0,,China,15,WGS,True,,
PRJNA483255,Suhuai suckling piglet,Sus scrofa,regex_title_only_no_abstract,,,China: Huaian,1,WGS,True,Suhuai suckling piglets fecal samples Raw sequence reads,
PRJNA855286,Suidae,Sus scrofa,regex_title_only_no_abstract,9821.0,,China: Ningxiang,30,WGS,True,NiangXiang pigs metagenome Raw sequence reads,
PRJNA601052,Leghorn chicken,Gallus gallus,regex_title_only_no_abstract,,,"USA: Wooster, Ohio",130,WGS,True,Impact of antibiotic administration route on chicken feces metagenome,
PRJNA311136,Pristis pectinata,Pristis pectinata,llm,685728.0,,,1,WGS,True,Feeding ecology study of Smalltooth sawfish using 18S rRNA high-throuput sequencing,
PRJDB8678,Homo sapiens,,llm_unknown,9606.0,,Japan:Hyogo kobe,85,AMPLICON,True,Bacteroides inhibit adiposity,
PRJNA811727,Homo sapiens,Homo sapiens,llm,9606.0,,China:Hohhot,96,WGS,True,Probio-X combined with metformin alleviates type 2 diabetes by mediating short-chain fatty acid-producing bacteria and bile acid pathways,
PRJNA417359,Gallus gallus,Gallus gallus,regex_title_only_no_abstract,9031.0,,China:Hunan,495,WGS,True,A catalogue of chicken gut metagenome and the microbial responses to antibiotic and plant-derived benzylisoquinoline alkaloids,
PRJNA1023964,Ictiobus bubalus,,llm_unknown,,,"USA: Ohio, Columbus",42,WGS,True,Wastewater and river metagenomes,
PRJDB36211,Sus scrofa,Sus scrofa,regex_title_only_no_abstract,9823.0,,missing: data agreement established pre-2023,16,WGS,True,Analysis of fecal flora of local pig breeds in China (PRJCA023268),
PRJDB16532,Homo sapiens,Homo sapiens,regex_title_only_no_abstract,9606.0,,Japan,118,AMPLICON,True,Generic sample from human gut metagenome,
PRJDB36502,Sus scrofa,Sus scrofa,regex_title_only_no_abstract,9823.0,,missing: data agreement established pre-2023,16,WGS,True,Whole-metagenome shotgun sequencing of pig gut microbiota (PRJCA038760),
PRJNA1228986,Gallus gallus,,llm_unknown,9031.0,,China:yangling,34,WGS,True,LBC AA Metagenomics and gut microbiome Metagenome,
PRJNA874500,Gallus gallus,Gallus gallus,regex_title_only_no_abstract,9031.0,,China:Shenzhen,4,WGS,True,Broiler chicken gut ileum mucosa/lumen microbiota reads,
PRJNA1405988,Sus scrofa,,llm_unknown,9823.0,,Spain,64,WGS,True,Gut microbiome in PRRS vaccination and infection,
PRJEB60740,Mus musculus,,llm_unknown,10090.0,UBERON:feces,USA:CA: San Diego,988,WGS,True,In Vivo Adaptation of Engineered Native Bacteria (G0),
PRJNA913183,Homo sapiens,Homo sapiens,regex_title_only_no_abstract,9606.0,,USA: Orlando,81,WGS,True,Host-Diet-Gut Microbiome Interactions Influence Human Energy Balance: a Randomized Clinical Trial,
PRJNA526405,Porcine,Sus scrofa,regex_title_only_no_abstract,,,Australia: NSW,667,WGS,True,Pig microbiome,
PRJNA822495,shrimp,,llm_unknown,,,China,3,WGS,True,crustacean metagenome Metagenome,
PRJEB52754,Gasterosteus aculeatus,Gasterosteus aculeatus,llm,69293.0,gut content,Iceland,68,WGS,True,"Interplay between antipredator behavior, parasitism, and gut microbiome in wild stickleback populations",
PRJEB86261,Sus scrofa,Sus scrofa,regex_title_only_no_abstract,9823.0,Caecum,Norway,1000,WGS,True,3D'omics: mannan fibre swine trial,
PRJNA947387,C57BL/6J,Mus musculus,regex_title_only_no_abstract,,,missing,27,WGS,True,Effect of water-soluble polysaccharide from Morchella esculenta on high-fat diet-induced obese mice: Changes in gut microbiota and metabolic functions,
PRJNA1039141,Sus scrofa,Sus scrofa,regex_title_only_no_abstract,9823.0,,China: Chengdu,120,WGS,True,Pig metagenomic sequencing,
PRJNA770101,Homo sapiens,Homo sapiens,regex_title_only_no_abstract,9606.0,,China:Huhhot,71,WGS,True,the transmission of probio-m9 from mother to infant,
PRJEB76898,Podarcis muralis,,llm_unknown,64176.0,,Spain,940,WGS,True,EHI Data Release 1,
PRJDB3161,Homo sapiens,Mus musculus,llm,9606.0,,Japan:Kanagawa,24,WGS,True,Fecal analysis in gnotobiotic mice gnotobiotic mice harboring 15 predominant species of human gut microbiota,
PRJNA1205011,fish,,llm_unknown,,,China: Sichuan,9,WGS,True,gut microbial community,
PRJNA763692,Homo sapiens,Homo sapiens,regex_title_only_no_abstract,,,China,1000,WGS,True,A high-quality genome compendium of the human gut microbiome of Inner Mongolians,
PRJNA613834,Homo sapiens,Homo sapiens,regex_title_only_no_abstract,9606.0,,USA,76,WGS,True,Functional Microbial Responses to Alcohol Abstinence in Patients with Alcohol Use Disorder,
PRJNA1050241,Gallus gallus,Gallus gallus,regex_title_only_no_abstract,9031.0,,"USA: 96 Roquemore Rd, Athens, GA 30607",60,WGS,True,Effect of diet on chicken cecal microbiome,
PRJNA690892,Camelus bactrianus ferus,Camelus bactrianus,llm,,,China: Gansu,13,WGS,True,Fecal microbiome of wild Bactrian camels,
PRJDB17048,Homo sapiens,Homo sapiens,llm,9606.0,,Japan,71,WGS,True,Japanese Lynch Syndrome Gut Microbiome,
PRJNA828385,Sus scrofa,Sus scrofa,regex_title_only_no_abstract,,,China:Nanjing,36,WGS,True,Sus scrofa Genome sequencing and assembly,
PRJDB36916,Homo sapiens,Homo sapiens,regex_title_only_no_abstract,9606.0,,missing: data agreement established pre-2023,132,WGS,True,Gut metagenomic data for sepsis patients (PRJCA040720),
PRJDB8879,Homo sapiens,Homo sapiens,llm,9606.0,,South Korea,100,AMPLICON,True,Response of gut microbial community to fermented soybean paste (Cheonggukjang),
PRJDB6620,Mus musculus,Mus musculus,regex_title_only_no_abstract,10090.0,,Japan,25,WGS,True,Shotgun sequencing of mouse small intestinal contents,
PRJNA926485,Sus scrofa domesticus,Sus scrofa,regex_title_only_no_abstract,9825.0,,Denmark,23,WGS,True,Shotgun metagenomics sequences of colonic microbiome in of pig models for ulcerative colitis,
